from,to
Lohuis,Muenster
Lohuis,Alterno
Lohuis,Almelo
Lohuis,Papendal
Lohuis,Setup
Lohuis,NED
Todorova,Maritza
Todorova,Pfeffingen
Todorova,Le Cannet VB
Todorova,Zuerich
Todorova,Le Cannet
Todorova,Cannes
Todorova,BUL
Timmerman,Aachen
Timmerman,Twente
Timmerman,Alterno AD
Timmerman,Papendal
Timmerman,NED
Kohn,BSP Stuttgart
Kohn,OSP Stuttgart
Kohn,Ulm
Kohn,GER
vdVyver,Targoviste
vdVyver,Vilsbiburg
vdVyver,Ljubljana
vdVyver,Firenze
vdVyver,Cannes
vdVyver,Kieldrecht
vdVyver,BEL
Nowicka,Szczyrk
Nowicka,Bydgoszcz U20
Nowicka,BielskoBiala
Nowicka,Lodz
Nowicka,POL
Lee,PS Uni
Lee,Conegliano
Lee,Beylikduezue
Lee,Kurobe
Lee,USA
Palleres,Barcelona
Palleres,Olbia
Palleres,Trentino
Palleres,Monza
Palleres,Cuneo
Palleres,Dresden
Palleres,Brescia
Palleres,ESP
Jasper,Sneek
Jasper,Suhl
Jasper,NED
Dornheim,BSP Stuttgart
Dornheim,MTV 2
Dornheim,GER
Rivers,Luka Bar
Rivers,Beziers
Rivers,Uni Alabama
Rivers,USA
Berger,Berlin
Berger,BSP Stuttgart
Berger,Tuebingen
Berger,GER
Koskelo,Someron
Koskelo,Kimmo
Koskelo,Haemeenlinnan
Koskelo,Kangasala
Koskelo,Viesti
Koskelo,Branik
Koskelo,FIN
Grundt,Jugend MTV
Grundt,BSP Stuttgart
Grundt,GER